Segment,churn_rate,n
Individual,0.022321428571428572,224
SME,0.039473684210526314,76
