Region,churn_rate,n
Centru,0.03614457831325301,83
Chișinău,0.023529411764705882,85
Nord,0.02666666666666667,75
Sud,0.017543859649122806,57
