SatisfactionBand,churn_rate,n
1-4,1.0,1
5-7,0.041666666666666664,144
8-10,0.0064516129032258064,155
