PlanType,churn_rate,n
Basic,0.009009009009009009,111
Premium,0.014705882352941176,68
Standard,0.049586776859504134,121
