stat,MonthlyRevenue,Age,TenureMonths,SatisfactionScore
mean,81.26386666666666,45.68,32.28,7.106000000000001
median,67.28,46.0,34.0,7.1
min,8.62,18.0,1.0,3.6
max,303.2,74.0,60.0,9.9
std,55.869212614008205,16.706924845483748,16.581457992706177,1.0476110744024723
