Region,count,percent
Chișinău,85,0.2833333333333333
Centru,83,0.27666666666666667
Nord,75,0.25
Sud,57,0.19
