Segment,count,percent
Individual,224,0.7466666666666667
SME,76,0.25333333333333335
