PlanType,count,percent
Standard,121,0.4033333333333333
Basic,111,0.37
Premium,68,0.22666666666666666
